username,password
WittyPenguin,sxAV6EEJO@Iyt_Uz
HappyFox,IA2iAlwlZBpKQqjnz@
SnappyPanda,R@f8KGk9_P4ypjY1
WittyGiraffe,gwR@z6UM
FuzzyOtter,sZGpknARwPYd53gD9_N
BraveTiger,ReBo2grL1@B
SnappyPenguin,WBT8MRuahw8nQ_I
BouncyLlama,@kY3S
CleverGiraffe,9lWKoalO_M30_Y
HappyOtter,_rM3onEBVKlcDn
BouncyBunny,QQwoS_9
ZanyFox,OR0U7@moYyypRTw
LazyFox,_nIhnzkW
JollyLlama,x4_Tk8kGY1EjOy4a1B_5
JollyPenguin,TTZNPjwrX_68wMLbzW9X
WittyPanda,kGz90OsKDGGzK9lu9l@c
ZanyKoala,_qggJ1XFRWd2R
HappyMonkey,@T5MZV9e
FuzzyGiraffe,512BOyzd_@O2@C
LazyGiraffe,pLzrBxI12ZXzoK@4dq9
JollyOtter,xv@bzD8j4HSymgUp
ZanyOtter,qV2BO2aV747xcU6R_
JollyFox,vLYzrEJ@3rns
HappyTiger,9jvG5Yt_7honG6Cn5aq
BouncyPanda,U4cnBk@
SnappyKoala,k__N8nWz
CleverBunny,bMlqR_G2OCVO6ad57G
WittyFox,dxzbXTRlhPPL9K8L2No@
BouncyPenguin,TJpkwVPK_kd4EN
LazyPanda,wiIFm0kABxc1AjxL9@
BraveOtter,A7tc6_Kr
SnappyGiraffe,5z7j_5L0KfoD8Ei7r_k
SnappyOtter,y5Xxdhl1jQVwI@JXnWS
HappyLlama,IAVYzTjbnm7lC_qIE
ZanyPenguin,x8_F1pKzcp5Rdwt
BravePanda,ce5@zYImFcp1pxbXo
HappyKoala,1UCGpNekSnNj4d@R
FuzzyBunny,s@XUAn
ZanyLlama,c_TAS@oNY
CleverKoala,tjHkYtAR@Hkosc
